[  
  {
    "strName" : "RandomDerelict",
    "aCOs"    : [
      "Bulk Lifter Damaged1=0.025x1|Charon Damaged=0.022x1|CR-53b Damaged1=0.025x1|Edelweiss Damaged1=0.022x1|RF-72m Variant 1=0.022x1|RF-72m Variant2=0.022x1|T1-N=0.025x1|Halberd Damaged=0.025x1|Heavy Tug Damaged=0.02x1|Ibex Damaged=0.022x1|Local Ferry Variant=0.03x1|RF01a=0.025x1|RF-01a Variant=0.025x1|Rouncy Variant=0.06x1|ShuttleSmallMedevac=0.03x1|ShuttleSmallPartyBus=0.03x1|Van Hummel Damaged=0.022x1|Inspection Pod=0.045x1|Katydid=0.03x1|Local Ferry=0.05x1|SalvagePodSmall=0.03x1|SalvagePodEndurance=0.01x1|SCI=0.02x1|SCI Retrofit=0.005x1|ShuttleSmall=0.04x1|ShuttleSmallCargo=0.01x1|ShuttleSmallSleeper=0.005x1|Light Tug=0.02x1|SalvagePod=0.04x1|LB-77a=0.03x1|TankerPod N2=0.015x1|TankerPod O2=0.015x1|TankerPod Unmarked=0.03x1|TankerPod D2O=0.005x1|TankerPod He-3=0.01x1|UtilityPod=0.024x1|Tombolo=0.05x1|Tombolo 2=0.02x1|Myna=0.05x1|Rouncy=0.02x1|Bulk Lifter=0.05x1|Ibex=0.04x1|CR-53b=0.025x1|Ocelot=0.025x1|Edelweiss=0.022x1|02=0.016x1|02Indy=0.007x1|Mesa=0.02x1|RF-72m=0.015x1|Coffin=0.015x1|Royal Flush=0.004x1|SalvagePodTest=0.002x1|Whistler Hot-Rod=0.016x1|Argute Rapid Courier=0.014x1|Primigenial PY=0.015x1|Halberd=0.025x1|Pequod2=0.015x1|Medium Ferry=0.03x1|Heavy Tug 01=0.06x1|Li Bai Gen II Refit=0.5x1|Moonscape=0.05x1|SISC=0.015x1|Stickleback=0.025x1|Stickleback1=0.025x1|Stickleback2=0.025x1"
    ],
    "aLoots"  : [
    ],
    "strType" : "ship"
  },
  {
    "strName" : "RandomShipBrokerOKLG",
    "aCOs"    : [
      "Inspection Pod=0.024x1|Katydid=0.024x1|Local Ferry=0.024x1|SCI Retrofit=0.024x1|Light Tug=0.024x1|SalvagePod=0.024x1|SalvagePodSmall=0.024x1|SalvagePodEndurance=0.024x1|ShuttleSmall=0.034x1|ShuttleSmallCargo=0.024x1|ShuttleSmallSleeper=0.024x1|UtilityPod=0.024x1|Royal Flush=0.024x1|LB-77a=0.024x1|TankerPod N2=0.024x1|TankerPod O2=0.024x1|TankerPod Unmarked=0.024x1|TankerPod D2O=0.024x1|TankerPod He-3=0.024x1|Tombolo=0.034x1|Tombolo 2=0.024x1|Myna=0.024x1|Rouncy=0.024x1|Bulk Lifter=0.044x1|Ibex=0.024x1|CR-53b=0.034x1|Ocelot=0.024x1|Edelweiss=0.034x1|02=0.024x1|02Indy=0.01x1|Mesa=0.044x1|RF-72m=0.024x1|Coffin=0.01x1|Whistler Hot-Rod=0.01x1|Argute Rapid Courier=0.024x1|Primigenial PY=0.01x1|Halberd=0.024x1|Pequod2=0.024x1|Medium Ferry=0.024x1|Heavy Tug 01=0.024x1|Li Bai Gen II Refit=0.5x1|T1-N=0.25x1|Local Ferry Variant=0.06x1|RF01a=0.06x1|RF-01a Variant=0.06x1|Rouncy Variant=0.06x1"    ],
    "aLoots"  : [
    ],
    "strType" : "ship"
  }
]